famille,symbole,candidats,trades,R_moyen,IC95,taux_reussite,drawdown_R,taux_ambigu,R_cout_majore,bat_hasard,p_value,portes_franchies,gate,echecs,q_value,survit_correction
seance_derive,NAS100,1033,1029,-0.1871,"(-0.2707, -0.1025)",0.309,-201.83,0.0253,-0.2423,0.155,0.845771144278607,1,False,"R_positif, IC_exclut_0, bat_hasard, robuste_au_cout",1.0,False
opening_range,NAS100,1010,932,0.0933,"(0.0014, 0.1849)",0.383,-22.987,0.0054,0.0751,0.99,0.014925373134328358,5,True,,0.2208955223880597,False
fin_de_mois,NAS100,169,169,-0.1515,"(-0.3582, 0.0616)",0.3195,-30.294,0.0118,-0.2065,0.235,0.7661691542288557,1,False,"R_positif, IC_exclut_0, bat_hasard, robuste_au_cout",1.0,False
cassure[aucun],NAS100,871,778,0.0966,"(-0.0036, 0.1971)",0.3792,-15.431,0.0051,0.078,0.995,0.009950248756218905,4,False,IC_exclut_0,0.18407960199004975,False
cassure[adx],NAS100,440,404,-0.0168,"(-0.1518, 0.1206)",0.3416,-21.832,0.0074,-0.0348,0.605,0.39800995024875624,1,False,"R_positif, IC_exclut_0, bat_hasard, robuste_au_cout",0.8879133743049459,False
cassure[compression],NAS100,148,146,0.113,"(-0.1202, 0.3589)",0.3904,-18.602,0.0,0.0839,0.885,0.11940298507462686,3,False,"IC_exclut_0, bat_hasard",0.5522388059701493,False
cassure[spread_bas],NAS100,693,618,0.0751,"(-0.0393, 0.188)",0.3706,-19.404,0.0049,0.0587,0.95,0.05472636815920398,4,False,IC_exclut_0,0.40497512437810945,False
repli_de_tendance,NAS100,407,387,-0.0183,"(-0.158, 0.1196)",0.3488,-32.146,0.0,-0.0362,0.46,0.5422885572139303,1,False,"R_positif, IC_exclut_0, bat_hasard, robuste_au_cout",0.9203980099502487,False
retour_vwap,NAS100,670,640,-0.0798,"(-0.1875, 0.0278)",0.3219,-71.676,0.0047,-0.0978,0.145,0.8557213930348259,1,False,"R_positif, IC_exclut_0, bat_hasard, robuste_au_cout",1.0,False
gap_ouverture,NAS100,213,213,-0.081,"(-0.2709, 0.1115)",0.338,-22.17,0.0094,-0.1247,0.66,0.34328358208955223,1,False,"R_positif, IC_exclut_0, bat_hasard, robuste_au_cout",0.8194511314395763,False
fade_range_asiatique,NAS100,1008,778,-0.0456,"(-0.1472, 0.055)",0.3548,-55.374,0.0141,-0.0999,0.965,0.03980099502487562,2,False,"R_positif, IC_exclut_0, robuste_au_cout",0.3681592039800995,False
smc_choch,NAS100,282,277,-0.1341,"(-0.2963, 0.0288)",0.3141,-55.002,0.0144,-0.1629,0.21,0.7910447761194029,1,False,"R_positif, IC_exclut_0, bat_hasard, robuste_au_cout",1.0,False
smc_bos,NAS100,353,348,0.1293,"(-0.0218, 0.2848)",0.3908,-18.489,0.0057,0.1082,0.975,0.029850746268656716,4,False,IC_exclut_0,0.3681592039800995,False
smc_balayage,NAS100,817,666,-0.1194,"(-0.2252, -0.0128)",0.3108,-86.4,0.012,-0.1384,0.02,0.9800995024875622,1,False,"R_positif, IC_exclut_0, bat_hasard, robuste_au_cout",1.0,False
smc_fvg,NAS100,1354,991,-0.0687,"(-0.1553, 0.0197)",0.336,-84.678,0.0081,-0.1024,0.435,0.5671641791044776,1,False,"R_positif, IC_exclut_0, bat_hasard, robuste_au_cout",0.9277611940298507,False
microstructure_choc,NAS100,13,12,-0.2896,"(-1.0297, 0.4603)",0.25,-3.259,0.0,-0.3094,0.375,0.6268656716417911,0,False,"echantillon_suffisant, R_positif, IC_exclut_0, bat_hasard, robuste_au_cout",0.9277611940298507,False
regime_volatilite,NAS100,1650,1410,-0.0669,"(-0.1392, 0.0069)",0.334,-96.435,0.0106,-0.0983,0.505,0.4975124378109453,1,False,"R_positif, IC_exclut_0, bat_hasard, robuste_au_cout",0.9028666192845297,False
momentum_multijour,NAS100,316,316,-0.1389,"(-0.2863, 0.0135)",0.2975,-51.539,0.0032,-0.1526,0.035,0.9651741293532339,1,False,"R_positif, IC_exclut_0, bat_hasard, robuste_au_cout",1.0,False
saisonnalite_intraday,NAS100,5151,2215,-0.0647,"(-0.1219, -0.0055)",0.3314,-153.35,0.0068,-0.088,0.34,0.6616915422885572,1,False,"R_positif, IC_exclut_0, bat_hasard, robuste_au_cout",0.9487179487179487,False
ensemble,NAS100,285,280,-0.0222,"(-0.1895, 0.1446)",0.3464,-22.863,0.0071,-0.0454,0.595,0.4079601990049751,1,False,"R_positif, IC_exclut_0, bat_hasard, robuste_au_cout",0.8879133743049459,False
momentum_intraseance,NAS100,827,812,-0.0699,"(-0.1661, 0.0282)",0.3387,-80.07,0.0012,-0.1032,0.675,0.3283582089552239,1,False,"R_positif, IC_exclut_0, bat_hasard, robuste_au_cout",0.8194511314395763,False
drift_overnight[achat],NAS100,1001,982,-0.0043,"(-0.0946, 0.0829)",0.3615,-66.536,0.0031,-0.0376,0.515,0.48756218905472637,1,False,"R_positif, IC_exclut_0, bat_hasard, robuste_au_cout",0.9028666192845297,False
drift_overnight[vente],NAS100,1001,991,-0.188,"(-0.2722, -0.1014)",0.2957,-202.734,0.002,-0.2215,0.51,0.4925373134328358,1,False,"R_positif, IC_exclut_0, bat_hasard, robuste_au_cout",0.9028666192845297,False
cassure_ratee,NAS100,1073,953,-0.1,"(-0.1893, -0.0098)",0.3263,-101.781,0.0105,-0.1344,0.335,0.6666666666666666,1,False,"R_positif, IC_exclut_0, bat_hasard, robuste_au_cout",0.9487179487179487,False
niveaux_ronds[rejet],NAS100,7103,2649,-0.0214,"(-0.0741, 0.0329)",0.3499,-99.409,0.0087,-0.0535,0.915,0.08955223880597014,1,False,"R_positif, IC_exclut_0, bat_hasard, robuste_au_cout",0.5380788365862993,False
niveaux_ronds[cassure],NAS100,7103,2627,-0.0456,"(-0.0992, 0.0088)",0.343,-159.873,0.0053,-0.0786,0.73,0.2736318407960199,1,False,"R_positif, IC_exclut_0, bat_hasard, robuste_au_cout",0.7787983161117489,False
momentum_series_temporelles,NAS100,972,965,0.0477,"(-0.0426, 0.1377)",0.3617,-38.929,0.0052,0.0308,0.695,0.30845771144278605,3,False,"IC_exclut_0, bat_hasard",0.8152096659559346,False
cassure[aucun]/suiveur1.0R,NAS100,871,814,0.1047,"(0.0288, 0.1796)",0.4496,-14.908,0.0221,0.086,0.995,0.009950248756218905,5,True,,0.18407960199004975,False
cassure[aucun]/seuil1.0R,NAS100,871,790,0.0677,"(-0.0226, 0.156)",0.2848,-23.261,0.0114,0.0491,0.995,0.009950248756218905,4,False,IC_exclut_0,0.18407960199004975,False
cassure[aucun]/cloture21h,NAS100,871,784,0.0711,"(-0.0257, 0.1685)",0.3916,-19.619,0.0064,0.0524,0.995,0.009950248756218905,4,False,IC_exclut_0,0.18407960199004975,False
lead_lag[XAUUSD]+,NAS100,1309,1128,-0.049,"(-0.13, 0.0331)",0.3422,-71.371,0.0098,-0.0824,0.57,0.43283582089552236,1,False,"R_positif, IC_exclut_0, bat_hasard, robuste_au_cout",0.8897180762852405,False
lead_lag[XAUUSD]-,NAS100,1309,1114,-0.0608,"(-0.1432, 0.0227)",0.3357,-70.441,0.0072,-0.0942,0.575,0.42786069651741293,1,False,"R_positif, IC_exclut_0, bat_hasard, robuste_au_cout",0.8897180762852405,False
divergence_correlation[XAUUSD],NAS100,251,204,-0.0094,"(-0.2057, 0.1881)",0.3529,-24.762,0.0098,-0.041,0.74,0.263681592039801,1,False,"R_positif, IC_exclut_0, bat_hasard, robuste_au_cout",0.7787983161117489,False
cointegration[XAUUSD],NAS100,23,23,-0.4443,"(-0.8838, 0.0905)",0.2174,-14.511,0.0435,-0.4925,0.1,0.900497512437811,0,False,"echantillon_suffisant, R_positif, IC_exclut_0, bat_hasard, robuste_au_cout",1.0,False
seance_derive,XAUUSD,2063,2035,-0.1042,"(-0.1653, -0.0414)",0.3332,-230.201,0.0123,-0.1524,0.49,0.5124378109452736,1,False,"R_positif, IC_exclut_0, bat_hasard, robuste_au_cout",0.9028666192845297,False
opening_range,XAUUSD,1608,1432,-0.1262,"(-0.1981, -0.0533)",0.3296,-186.569,0.0084,-0.1751,0.38,0.6218905472636815,1,False,"R_positif, IC_exclut_0, bat_hasard, robuste_au_cout",0.9277611940298507,False
fin_de_mois,XAUUSD,333,331,-0.0734,"(-0.2224, 0.081)",0.3444,-27.824,0.003,-0.1218,0.79,0.21393034825870647,1,False,"R_positif, IC_exclut_0, bat_hasard, robuste_au_cout",0.753849798625918,False
cassure[aucun],XAUUSD,1131,1024,-0.0893,"(-0.1748, -0.0007)",0.3398,-100.683,0.0059,-0.1349,0.705,0.29850746268656714,1,False,"R_positif, IC_exclut_0, bat_hasard, robuste_au_cout",0.8152096659559346,False
cassure[adx],XAUUSD,601,551,-0.1307,"(-0.2449, -0.0149)",0.3249,-76.102,0.0036,-0.1764,0.4,0.6019900497512438,1,False,"R_positif, IC_exclut_0, bat_hasard, robuste_au_cout",0.9277611940298507,False
cassure[compression],XAUUSD,64,64,0.0562,"(-0.3136, 0.4265)",0.3906,-12.459,0.0,-0.0016,0.77,0.23383084577114427,1,False,"echantillon_suffisant, IC_exclut_0, bat_hasard, robuste_au_cout",0.7787983161117489,False
cassure[spread_bas],XAUUSD,551,523,-0.0201,"(-0.1379, 0.1013)",0.3633,-28.672,0.0038,-0.0645,0.91,0.0945273631840796,1,False,"R_positif, IC_exclut_0, bat_hasard, robuste_au_cout",0.5380788365862993,False
repli_de_tendance,XAUUSD,739,680,-0.2305,"(-0.333, -0.1295)",0.3,-162.823,0.0088,-0.28,0.035,0.9651741293532339,1,False,"R_positif, IC_exclut_0, bat_hasard, robuste_au_cout",1.0,False
retour_vwap,XAUUSD,1068,999,-0.1425,"(-0.2266, -0.0557)",0.3213,-147.04,0.01,-0.1894,0.22,0.7810945273631841,1,False,"R_positif, IC_exclut_0, bat_hasard, robuste_au_cout",1.0,False
gap_ouverture,XAUUSD,171,170,0.0507,"(-0.1611, 0.2642)",0.4118,-14.619,0.0235,-0.014,0.96,0.04477611940298507,3,False,"IC_exclut_0, robuste_au_cout",0.3681592039800995,False
fade_range_asiatique,XAUUSD,2147,1744,-0.0752,"(-0.1412, -0.0095)",0.3446,-135.837,0.0178,-0.1256,0.82,0.18407960199004975,1,False,"R_positif, IC_exclut_0, bat_hasard, robuste_au_cout",0.753849798625918,False
smc_choch,XAUUSD,509,496,-0.1816,"(-0.3025, -0.0619)",0.3165,-111.493,0.006,-0.2333,0.125,0.8756218905472637,1,False,"R_positif, IC_exclut_0, bat_hasard, robuste_au_cout",1.0,False
smc_bos,XAUUSD,506,498,-0.0114,"(-0.1354, 0.115)",0.3675,-46.236,0.006,-0.0622,0.94,0.06467661691542288,1,False,"R_positif, IC_exclut_0, bat_hasard, robuste_au_cout",0.4350972410673903,False
smc_balayage,XAUUSD,1233,970,-0.1217,"(-0.2087, -0.0344)",0.333,-138.361,0.0093,-0.1678,0.42,0.582089552238806,1,False,"R_positif, IC_exclut_0, bat_hasard, robuste_au_cout",0.9277611940298507,False
smc_fvg,XAUUSD,2497,1732,-0.1496,"(-0.2129, -0.0848)",0.3222,-282.309,0.0087,-0.2002,0.105,0.8955223880597015,1,False,"R_positif, IC_exclut_0, bat_hasard, robuste_au_cout",1.0,False
microstructure_choc,XAUUSD,1153,1111,-0.073,"(-0.1569, 0.0095)",0.3519,-109.485,0.0018,-0.1309,0.9,0.1044776119402985,1,False,"R_positif, IC_exclut_0, bat_hasard, robuste_au_cout",0.5522388059701492,False
regime_volatilite,XAUUSD,3372,2806,-0.105,"(-0.1572, -0.0526)",0.3361,-309.685,0.0082,-0.1559,0.595,0.4079601990049751,1,False,"R_positif, IC_exclut_0, bat_hasard, robuste_au_cout",0.8879133743049459,False
momentum_multijour,XAUUSD,633,618,-0.1296,"(-0.2384, -0.0179)",0.3236,-102.972,0.0065,-0.1707,0.38,0.6218905472636815,1,False,"R_positif, IC_exclut_0, bat_hasard, robuste_au_cout",0.9277611940298507,False
saisonnalite_intraday,XAUUSD,6674,3430,-0.2296,"(-0.2758, -0.1824)",0.3087,-793.974,0.0064,-0.301,0.0,1.0,1,False,"R_positif, IC_exclut_0, bat_hasard, robuste_au_cout",1.0,False
ensemble,XAUUSD,396,388,-0.1692,"(-0.305, -0.0305)",0.3144,-75.176,0.018,-0.2189,0.24,0.7611940298507462,1,False,"R_positif, IC_exclut_0, bat_hasard, robuste_au_cout",1.0,False
momentum_intraseance,XAUUSD,1452,1438,-0.2419,"(-0.3144, -0.1669)",0.3345,-361.593,0.0049,-0.3586,0.67,0.3333333333333333,1,False,"R_positif, IC_exclut_0, bat_hasard, robuste_au_cout",0.8194511314395763,False
drift_overnight[achat],XAUUSD,2003,1960,-0.1476,"(-0.2105, -0.085)",0.3684,-320.446,0.0066,-0.2665,0.51,0.4925373134328358,1,False,"R_positif, IC_exclut_0, bat_hasard, robuste_au_cout",0.9028666192845297,False
drift_overnight[vente],XAUUSD,2003,1963,-0.3636,"(-0.4233, -0.304)",0.2965,-713.555,0.0051,-0.4824,0.49,0.5124378109452736,1,False,"R_positif, IC_exclut_0, bat_hasard, robuste_au_cout",0.9028666192845297,False
cassure_ratee,XAUUSD,1883,1673,-0.0522,"(-0.1196, 0.0156)",0.3556,-98.83,0.0066,-0.1028,0.96,0.04477611940298507,2,False,"R_positif, IC_exclut_0, robuste_au_cout",0.3681592039800995,False
niveaux_ronds[rejet],XAUUSD,6232,3056,-0.1136,"(-0.1617, -0.0647)",0.3315,-351.076,0.0092,-0.16,0.455,0.5472636815920398,1,False,"R_positif, IC_exclut_0, bat_hasard, robuste_au_cout",0.9203980099502487,False
niveaux_ronds[cassure],XAUUSD,6232,2963,-0.0846,"(-0.1348, -0.0339)",0.3432,-267.696,0.0078,-0.131,0.875,0.12935323383084577,1,False,"R_positif, IC_exclut_0, bat_hasard, robuste_au_cout",0.5630670178519168,False
momentum_series_temporelles,XAUUSD,2006,1961,-0.1468,"(-0.2054, -0.086)",0.3202,-302.643,0.0056,-0.1904,0.15,0.8507462686567164,1,False,"R_positif, IC_exclut_0, bat_hasard, robuste_au_cout",1.0,False
cassure[aucun]/suiveur1.0R,XAUUSD,1131,1046,-0.0846,"(-0.1445, -0.0214)",0.3642,-93.116,0.0115,-0.1309,0.745,0.25870646766169153,1,False,"R_positif, IC_exclut_0, bat_hasard, robuste_au_cout",0.7787983161117489,False
cassure[aucun]/seuil1.0R,XAUUSD,1131,1031,-0.0791,"(-0.1538, -0.0026)",0.2619,-89.055,0.0058,-0.1247,0.795,0.208955223880597,1,False,"R_positif, IC_exclut_0, bat_hasard, robuste_au_cout",0.753849798625918,False
cassure[aucun]/cloture21h,XAUUSD,1131,1026,-0.0849,"(-0.1632, -0.004)",0.3616,-98.844,0.0058,-0.1305,0.745,0.25870646766169153,1,False,"R_positif, IC_exclut_0, bat_hasard, robuste_au_cout",0.7787983161117489,False
lead_lag[NAS100]+,XAUUSD,1370,1098,-0.0659,"(-0.1472, 0.0183)",0.3452,-80.728,0.0055,-0.1102,0.885,0.11940298507462686,1,False,"R_positif, IC_exclut_0, bat_hasard, robuste_au_cout",0.5522388059701493,False
lead_lag[NAS100]-,XAUUSD,1370,1128,-0.1446,"(-0.2241, -0.0647)",0.3165,-179.78,0.0044,-0.1887,0.24,0.7611940298507462,1,False,"R_positif, IC_exclut_0, bat_hasard, robuste_au_cout",1.0,False
divergence_correlation[NAS100],XAUUSD,252,194,-0.0322,"(-0.2282, 0.167)",0.366,-22.668,0.0052,-0.0768,0.805,0.19900497512437812,1,False,"R_positif, IC_exclut_0, bat_hasard, robuste_au_cout",0.753849798625918,False
cointegration[NAS100],XAUUSD,26,26,-0.4448,"(-0.8962, 0.0505)",0.2308,-14.136,0.0,-0.5012,0.08,0.9203980099502488,0,False,"echantillon_suffisant, R_positif, IC_exclut_0, bat_hasard, robuste_au_cout",1.0,False
